Sepal.Length,Sepal.Width,Petal.Length,Petal.Width,Species
5.1,3.5,1.4,0.2,setosa
4.9,3,1.4,8.2,setosa
4.7,3.2,1.3,0.2,setosa
4.6,9.9,1.5,0.2,setosa
5,3.6,1.4,0.2,setosa
5.4,3.9,1.7,0.4,setosa
4.6,3.4,1.4,0.3,setosa
2,3.4,1.5,0.2,setosa
4.4,2.9,4.3,0.2,setosa
4.9,5.1,1.5,0.6,setosa
5.4,3.7,1.5,0.2,setosa
4.8,3.4,1.6,0.2,setosa
10.2,3,1.4,0.1,setosa
4.3,3,1.1,0.1,setosa
5.8,4,1.2,0.2,setosa
5.7,4.4,1.5,0.4,setosa
5.4,3.9,1.3,0.4,setosa
5.1,3.5,1.4,0.3,setosa
5.7,3.8,1.7,22.8,setosa
5.1,3.8,1.5,0.3,setosa
5.4,3.4,1.7,0.2,setosa
5.1,3.7,1.5,0.4,setosa
4.6,20.1,1,8,setosa
5.1,3.3,1.7,0.5,setosa
4.8,3.4,1.9,0.2,setosa
5,3,1.6,0.2,setosa
5,3.4,1.6,0.4,setosa
5.2,3.5,1.5,0.2,setosa
5.2,3.4,1.4,0.2,setosa
4.7,3.2,1.6,0.2,setosa
4.8,3.1,1.6,0.2,setosa
5.4,3.4,1.5,0.4,setosa
5.2,4.1,1.5,0.1,setosa
5.5,4.2,1.4,0.2,setosa
4.9,3.1,1.5,0.2,setosa
5,3.2,1.2,0.2,setosa
3,3.5,1.3,0.2,setosa
4.9,3.6,1.4,0.1,setosa
7.3,3,1.3,0.2,setosa
5.1,3.4,1.5,0.2,setosa
5,3.5,1.3,0.3,setosa
4.5,2.3,27.3,0.3,setosa
4.4,3.2,11.4,0.2,setosa
5,3.5,1.6,0.6,setosa
5.1,4.2,1.9,0.4,setosa
4.8,3,1.4,0.3,setosa
5.1,3.8,1.6,0.2,setosa
4.6,3.2,1.4,15.8,setosa
5.3,3.7,1.5,0.2,setosa
5,3.3,1.4,0.2,setosa
7,3.2,4.7,1.4,versicolor
6.4,3.2,4.5,1.5,versicolor
6.9,3.1,4.9,1.5,versicolor
5.5,2.3,4,1.3,versicolor
7.5,2.8,4.6,1.5,versicolor
5.7,2.8,4.5,1.3,versicolor
6.3,3.3,4.7,1.6,versicolor
4.9,2.4,3.3,1,versicolor
6.6,2.9,8.1,1.3,versicolor
5.2,2.7,3.9,1.4,versicolor
2.4,2,3.5,1,versicolor
5.9,3,8.4,1.5,versicolor
6,2.2,4,1,versicolor
6.1,2.9,4.7,1.4,versicolor
5.6,2.9,3.6,1.3,versicolor
6.7,3.1,4.4,1.4,versicolor
5.6,3,4.5,1.5,versicolor
5.8,2.7,4.1,1,versicolor
6.2,2.2,4.5,1.5,versicolor
5.6,21.8,3.9,1.1,versicolor
5.9,32.2,4.8,1.8,versicolor
6.1,5.6,4,1.3,versicolor
10.8,5.9,17.8,1.5,versicolor
6.1,2.8,4.7,1.2,versicolor
6.4,2.9,4.3,1.3,versicolor
6.6,9.8,4.4,1.4,versicolor
6.8,2.8,23.1,1.4,versicolor
6.7,3,29.1,1.7,versicolor
6,2.9,4.5,1.5,versicolor
5.7,2.6,3.5,1,versicolor
5.5,2.1,3.8,1.1,versicolor
5.5,2.4,2.9,1,versicolor
5.8,2.7,3.9,1.2,versicolor
6,2.7,5.1,1.6,versicolor
5.4,3,4.5,12.3,versicolor
6,3.4,4.5,1.6,versicolor
6.7,3.1,4.7,1.5,versicolor
6.3,2.3,4.4,1.3,versicolor
5.6,3,4.1,1.3,versicolor
5.5,2.5,4,1.3,versicolor
5.5,3.1,4.4,1.2,versicolor
6.1,3,3.9,1.4,versicolor
5.8,2.6,4,13.5,versicolor
5,2.3,3.3,1,versicolor
5.6,2.7,4.2,1.3,versicolor
5.7,3,4.2,1.2,versicolor
5.7,2.9,4.2,1.3,versicolor
6.2,2.9,4.3,1.3,versicolor
5.1,2.5,3,1.1,versicolor
5.7,2.8,4.1,1.3,versicolor
6.3,3.3,6,2.5,virginica
5.8,2.7,5.1,1.9,virginica
7.1,3,5.9,2.1,virginica
10.3,2.9,0.5,1.8,virginica
6.5,3,3.5,2.2,virginica
12.9,3,6.6,2.1,virginica
4.9,2.5,15.7,1.7,virginica
7.3,2.9,6.3,1.8,virginica
6.7,2.5,5.8,1.8,virginica
7.2,3.6,6.1,2.5,virginica
6.5,3.2,5.1,2,virginica
6.4,2.7,5.3,21,virginica
6.8,11.1,5.5,2.1,virginica
5.7,7.7,5,2,virginica
5.8,2.8,5.1,2.4,virginica
6.4,3.2,5.3,2.3,virginica
6.5,3,5.5,1.8,virginica
7.7,3.8,6.7,2.2,virginica
7.7,2.6,6.9,2.3,virginica
6,2.2,8.1,1.5,virginica
12.5,3.2,5.7,2.3,virginica
5.5,2.8,4.9,2,virginica
3,2.8,6.7,2,virginica
6.3,2.7,4.9,1.8,virginica
6.7,0.9,5.7,2.1,virginica
7.2,3.2,6,1.8,virginica
6.2,2.8,4.8,1.8,virginica
6.1,3,4.9,1.8,virginica
6.4,2.8,5.6,10.4,virginica
7.2,3,5.8,1.6,virginica
7.4,11.1,6.1,1.9,virginica
7.9,2.5,6.4,2,virginica
6.4,2.8,5.6,2.2,virginica
12.9,2.8,5.1,1.5,virginica
6.1,2.6,5.6,1.4,virginica
7.7,3,6.1,4.5,virginica
6.3,3.4,27.6,2.4,virginica
6.4,3.1,5.5,1.8,virginica
6,3,3.9,1.8,virginica
6.9,3.1,5.4,2.1,virginica
6.7,3.1,5.6,2.4,virginica
6.9,15.7,5.1,2.3,virginica
5.8,2.7,5.1,1.9,virginica
6.8,3.2,5.9,2.3,virginica
6.7,48.3,5.7,2.5,virginica
6.7,3,5.2,2.3,virginica
6.3,2.5,5,10.4,virginica
6.5,3,10.1,2,virginica
6.2,3.4,5.4,2.6,virginica
5.9,3,5.1,1.8,virginica
